"V1","peak","peak.WL"
"Z1","-1.51214510494319e-06","222.806778"
"Z2","2.60951611814864e-05","225.4768372"
"Z3","2.51174662058577e-05","225.4768372"
"Z4","1.25654428823517e-05","225.4768372"
"Z5","1.49953915454356e-05","225.4768372"
"Z6","1.04365037652739e-05","225.4768372"
"Z7","1.00246130757807e-05","224.5345306"
"Z8","4.8679494771693e-05","225.4768372"
"Z9","4.88956482686167e-05","225.3197937"
"Z10","3.95785384578103e-05","225.4768372"
"Z11","3.94417248422879e-05","225.4768372"
"Z12","3.26439975201692e-05","225.4768372"
"Z13","3.20457723388349e-05","225.4768372"
"Z14","2.52234634394826e-05","225.4768372"
"Z15","2.41307206701626e-05","224.5345306"
"Z16","2.9982899486798e-05","224.6915894"
"Z17","3.07657704779624e-05","224.5345306"
"Z18","2.5215052803194e-05","225.4768372"
"Z19","2.37916696399611e-05","225.4768372"
"Z20","4.97164245968081e-05","225.6338806"
"Z21","4.84090551879455e-05","224.5345306"
"Z22","4.29699417223339e-05","225.4768372"
"Z23","4.36895292144257e-05","225.4768372"
"Z24","3.40319752289064e-05","225.4768372"
"Z25","3.35185009029802e-05","225.3197937"
"Z26","4.76622272930835e-05","225.4768372"
"Z27","4.71035748101666e-05","225.4768372"
"Z28","7.42950271373275e-05","225.3197937"
"Z29","7.41983949756262e-05","225.4768372"
"Z30","4.85196745826973e-05","225.4768372"
"Z31","5.04927412868955e-05","225.4768372"
"Z32","9.69032236221056e-05","225.7909241"
"Z33","9.76862364273882e-05","225.4768372"
"Z34","3.88350870178509e-05","225.4768372"
"Z35","3.94042923984569e-05","225.4768372"
"Z36","1.56766915636874e-05","225.3197937"
"Z37","1.51279653211007e-05","225.4768372"
"Z38","6.29717882442303e-06","224.5345306"
"Z39","6.52066731424042e-06","224.2204132"
"Z40","2.70697971333348e-05","225.4768372"
"Z41","2.66127439726245e-05","225.4768372"
"Z42","0.00013057238515069","225.7909241"
"Z43","0.000129072466648364","225.7909241"
"Z44","1.19776116840051e-05","225.7909241"
"Z45","1.10948582695306e-05","224.5345306"
"Z46","5.55246543404146e-05","225.4768372"
"Z47","5.32102375654837e-05","225.4768372"
"Z48","4.61185460120933e-05","225.4768372"
"Z49","4.54121400084604e-05","225.3197937"
"Z50","1.28302931056672e-05","225.3197937"
"Z51","1.34702454075484e-05","225.4768372"
"Z52","4.55900425401477e-05","225.3197937"
"Z53","4.64172169518139e-05","225.3197937"
"Z54","9.43251816626612e-06","224.3774719"
"Z55","1.04228075815209e-05","225.4768372"
"Z56","4.61845982318757e-05","225.4768372"
"Z57","4.70468019505591e-05","225.4768372"
"Z58","6.54661920544471e-05","225.4768372"
"Z59","6.69316902060824e-05","225.4768372"
"Z60","4.59639670213127e-05","225.4768372"
"Z61","4.52019759040573e-05","225.4768372"
"Z62","9.50162315883582e-06","224.6915894"
"Z63","9.73774905052931e-06","224.2204132"
"Z64","2.74761073425534e-05","225.4768372"
"Z65","2.70443549657216e-05","225.4768372"
"Z66","3.10110677381634e-05","225.4768372"
"Z67","3.19392207231061e-05","225.3197937"
"Z68","4.45150064674393e-05","225.3197937"
"Z69","4.49365501516746e-05","225.4768372"
"Z70","3.99335996913351e-05","225.3197937"
"Z71","4.02068789817321e-05","225.4768372"
"Z72","4.21150883838924e-05","225.4768372"
"Z73","4.29132350856011e-05","225.4768372"
"Z74","2.49273486265717e-05","225.3197937"
"Z75","2.45845918177302e-05","224.5345306"
"Z76","1.05898958663018e-05","224.6915894"
"Z77","1.04231487886062e-05","225.3197937"
"Z78","4.17340312297587e-05","225.4768372"
"Z79","3.88518473910219e-05","225.3197937"
"Z80","1.40114830146184e-05","225.3197937"
"Z81","1.39523193254126e-05","225.0056915"
"Z82","8.21772454036719e-06","225.0056915"
"Z83","8.43763297389001e-06","224.5345306"
"Z84","1.2384299109314e-06","224.6915894"
"Z85","1.36242516956801e-06","225.3197937"
"Z86","0.000105180278756152","225.4768372"
"Z87","0.000105622834982506","225.4768372"
"Z88","8.60436258247061e-06","224.6915894"
"Z89","8.29083139226912e-06","225.3197937"
"Z90","5.39416713391781e-05","225.4768372"
"Z91","5.43457560973221e-05","225.4768372"
"Z92","7.56768516622674e-05","225.4768372"
"Z93","7.50404001645491e-05","225.4768372"
