Variable,Mean,SD,IQR,Min,Max,Skewness,Kurtosis,n,n_Missing,.group
masscorr.N.excr,108.85711877209884,91.94876508240215,166.0436283662405,17.156048004158006,257.08077270788914,0.7277078128139035,-0.1263285144694267,6,0,Taxo.rank=Dreissenid | Season=S
masscorr.P.excr,19.28070366821251,26.27600730238268,25.393601720627842,3.2927501871101876,72.09778315565032,2.284601437046821,5.375004913799479,6,0,Taxo.rank=Dreissenid | Season=S
masscorr.NP.excr,3.3337677352144146,1.7779495780301193,3.120632645421829,1.6103268234405432,6.150784383681423,0.9899270454765354,-0.6398756633066768,6,0,Taxo.rank=Dreissenid | Season=S
masscorr.N.excr.t,508.19229933009257,513.7570377312117,860.0013088174978,48.476189688149695,1412.112041151386,1.2669412822000106,1.3118693489329414,6,0,Taxo.rank=Dreissenid | Season=S
masscorr.P.excr.t,30.123831657688598,44.20118234498871,48.46285513773308,1.8895123492723493,117.58419147121536,2.1453271029637557,4.7161331816977805,6,0,Taxo.rank=Dreissenid | Season=S
masscorr.NP.excr.t,11.648026689792324,7.856787549179783,10.034596376573528,4.926789745949734,26.57700923879535,1.7200592383197961,3.5260926673187254,6,0,Taxo.rank=Dreissenid | Season=S
d15N,8.1493068865,1.3157749479896508,2.4540696512499993,6.687422403,9.525791494,-0.0376425045884401,-3.0558166666692923,6,0,Taxo.rank=Dreissenid | Season=S
d13C,-24.796957510000002,0.9794406370251608,1.987148877500001,-25.89124169,-23.65066719,0.0945226670051679,-2.5003186177796133,6,0,Taxo.rank=Dreissenid | Season=S
Mass,0.022422037,0.021118201304282852,0.0427608335,0.00469,0.0504,0.8476199254403467,-1.8740077327752704,6,0,Taxo.rank=Dreissenid | Season=S
BodyC,45.801451105,1.3832912626971072,1.9446735924999956,43.39079031,47.41657726,-1.0314713059248612,1.62889259194803,6,0,Taxo.rank=Dreissenid | Season=S
BodyN,10.864671686666666,0.3016736976556916,0.29826690999999883,10.2791689,11.15522849,-1.8911947550059072,4.317663244706089,6,0,Taxo.rank=Dreissenid | Season=S
BodyP,1.2784571734999999,0.12622932184844135,0.24498757299999996,1.098260748,1.416283327,-0.6275579052217635,-1.4072157664930545,6,0,Taxo.rank=Dreissenid | Season=S
BodyCN,4.919241037833333,0.1098601062718186,0.18553503575000008,4.749969539,5.060423677,-0.5004080571145044,-0.1152922537359502,6,0,Taxo.rank=Dreissenid | Season=S
Temp,24.15,0.9311283477587821,1.6999999999999993,23.3,25,8.540301122932643e-15,-3.3333333333333335,6,0,Taxo.rank=Dreissenid | Season=S
AmTDN,416.59114615,73.4926142413266,134.17854210000002,349.5018751,483.6804172,1.7156745959857193e-15,-3.3333333333333326,6,0,Taxo.rank=Dreissenid | Season=S
AmTDP,12.689203925000001,1.7343526608195985,3.166480250000001,11.1059638,14.27244405,-2.2983795691769843e-15,-3.3333333333333326,6,0,Taxo.rank=Dreissenid | Season=S
masscorr.N.excr,17.944983711591732,12.822777954691004,6.450080896044993,5.366686335403727,66.967875,2.908289623134447,9.14189895237271,31,0,Taxo.rank=Fish | Season=S
masscorr.P.excr,3.158437398630968,2.312616519954118,3.5539496917016806,0.23005902777777776,8.6622173075,0.8330122364571511,-0.2653609159268172,31,0,Taxo.rank=Fish | Season=S
masscorr.NP.excr,5.064799950747771,8.372828384212378,2.101243239085214,0.7030596197203977,44.87125450408892,4.0495649101927444,18.042217809766026,31,0,Taxo.rank=Fish | Season=S
masscorr.N.excr.t,31.012423620905334,18.65620040130242,17.73724951610418,7.29207576820208,86.04193054999999,1.4777527645687887,2.0589149618362645,31,0,Taxo.rank=Fish | Season=S
masscorr.P.excr.t,10.023046048918317,21.815274213056504,4.901462754706276,0.838649581870229,113.36194492682927,4.109644754126473,18.046156186470526,31,0,Taxo.rank=Fish | Season=S
masscorr.NP.excr.t,3.8739421405845995,3.1807237966305526,2.9743617027985274,0.26224274530449576,15.69779937666903,2.1183304405879237,5.6344947195386155,31,0,Taxo.rank=Fish | Season=S
d15N,12.637198376666667,0.6753153065620293,0,11.34382714,13.28049429,-1.5907216702060274,0.8003657346918376,15,16,Taxo.rank=Fish | Season=S
d13C,-23.677479080666668,0.2948711994860297,0,-24.14537322,-22.95776897,0.21904299120327675,2.2230881621445016,15,16,Taxo.rank=Fish | Season=S
Mass,374.8709677419355,284.70800737310776,501,40,1070,0.5393182048026253,-0.46692739315236814,31,0,Taxo.rank=Fish | Season=S
BodyC,48.64430149266666,1.8336379821285256,0,44.8495199,51.79411588,0.5027919744243202,1.1246059391769443,15,16,Taxo.rank=Fish | Season=S
BodyN,13.20763882,1.0724742505098543,0.13004996999999996,11.13641949,13.73628115,-1.668170901078754,0.8902536327785118,15,16,Taxo.rank=Fish | Season=S
BodyP,NA,NA,NA,Inf,-Inf,NA,NA,0,31,Taxo.rank=Fish | Season=S
BodyCN,3.8683595882,0.6328326192729954,0,3.291141816,5.082159953,1.6048165594403714,0.8140471063923244,15,16,Taxo.rank=Fish | Season=S
Temp,25.374193548387098,1.3053652724902922,2.6999999999999993,23.3,26.7,-0.8624179137008761,-0.9555102421034948,31,0,Taxo.rank=Fish | Season=S
AmTDN,414.07747215806455,40.75601342809029,82.5469726,349.5018751,483.6804172,-0.7147526895499529,-0.5467921251140136,31,0,Taxo.rank=Fish | Season=S
AmTDP,13.613011018709678,1.5041140049501798,3.39930968,11.1059638,14.50527348,-1.1578001980681125,-0.7017142055021399,31,0,Taxo.rank=Fish | Season=S
masscorr.N.excr,NA,NA,NA,Inf,-Inf,NA,NA,0,0,Taxo.rank=Dreissenid | Season=F
masscorr.P.excr,NA,NA,NA,Inf,-Inf,NA,NA,0,0,Taxo.rank=Dreissenid | Season=F
masscorr.NP.excr,NA,NA,NA,Inf,-Inf,NA,NA,0,0,Taxo.rank=Dreissenid | Season=F
masscorr.N.excr.t,NA,NA,NA,Inf,-Inf,NA,NA,0,0,Taxo.rank=Dreissenid | Season=F
masscorr.P.excr.t,NA,NA,NA,Inf,-Inf,NA,NA,0,0,Taxo.rank=Dreissenid | Season=F
masscorr.NP.excr.t,NA,NA,NA,Inf,-Inf,NA,NA,0,0,Taxo.rank=Dreissenid | Season=F
d15N,NA,NA,NA,Inf,-Inf,NA,NA,0,0,Taxo.rank=Dreissenid | Season=F
d13C,NA,NA,NA,Inf,-Inf,NA,NA,0,0,Taxo.rank=Dreissenid | Season=F
Mass,NA,NA,NA,Inf,-Inf,NA,NA,0,0,Taxo.rank=Dreissenid | Season=F
BodyC,NA,NA,NA,Inf,-Inf,NA,NA,0,0,Taxo.rank=Dreissenid | Season=F
BodyN,NA,NA,NA,Inf,-Inf,NA,NA,0,0,Taxo.rank=Dreissenid | Season=F
BodyP,NA,NA,NA,Inf,-Inf,NA,NA,0,0,Taxo.rank=Dreissenid | Season=F
BodyCN,NA,NA,NA,Inf,-Inf,NA,NA,0,0,Taxo.rank=Dreissenid | Season=F
Temp,NA,NA,NA,Inf,-Inf,NA,NA,0,0,Taxo.rank=Dreissenid | Season=F
AmTDN,NA,NA,NA,Inf,-Inf,NA,NA,0,0,Taxo.rank=Dreissenid | Season=F
AmTDP,NA,NA,NA,Inf,-Inf,NA,NA,0,0,Taxo.rank=Dreissenid | Season=F
masscorr.N.excr,12.166142090018829,6.526077975972372,8.295441690774942,3.3479632500000003,40.73775465,1.43136486519194,3.1056352095314397,102,0,Taxo.rank=Fish | Season=F
masscorr.P.excr,3.221086772944304,4.1958708371817774,3.552092962519704,0.20891138715728716,18.6276243,1.9631404347835797,3.3389916382953144,102,0,Taxo.rank=Fish | Season=F
masscorr.NP.excr,5.102396028714551,4.769708260501436,6.189241936511343,0.43780606729883553,18.593047258004642,1.1505217161923251,0.3766771196076283,102,0,Taxo.rank=Fish | Season=F
masscorr.N.excr.t,16.046620117822798,27.540590766439973,21.389842187645836,-76.679808,124.9544432125,-0.06173696654683629,3.681165265650049,102,0,Taxo.rank=Fish | Season=F
masscorr.P.excr.t,2.6354331695147506,3.4124757907661882,2.478416865984962,0.068369863625,14.8815263375,1.8610239994120916,2.6763231438448862,102,0,Taxo.rank=Fish | Season=F
masscorr.NP.excr.t,5.08036280176122,10.72264703203169,7.072876950024023,-51.04726096691539,39.8724336865053,-1.150521946201298,8.096447454171503,102,0,Taxo.rank=Fish | Season=F
d15N,9.2261850928,1.6257874554676504,1.8575196770000009,5.007253815,13.59,0.6880292209219048,0.844445289509983,55,47,Taxo.rank=Fish | Season=F
d13C,-19.134563428545455,2.623947813781177,2.3917306099999998,-26.52134115,-13.5,-0.7199607928509687,1.1226752987609314,55,47,Taxo.rank=Fish | Season=F
Mass,150.84313725490196,208.78421022094784,314.75,1,887,1.273278262566602,0.698634387835227,102,0,Taxo.rank=Fish | Season=F
BodyC,45.96285812309091,3.0139271012715834,4.055926909999997,38.52801778,52.43,-0.29558230600960683,0.17046314581222743,55,47,Taxo.rank=Fish | Season=F
BodyN,12.919240196,1.090410529691019,1.5061579600000012,10.66434507,16.33,0.22365121743828842,0.5741175733874583,55,47,Taxo.rank=Fish | Season=F
BodyP,NA,NA,NA,Inf,-Inf,NA,NA,0,102,Taxo.rank=Fish | Season=F
BodyCN,3.572696402290909,0.28377573363086045,0.34005810400000014,3.21,4.685108664,1.8552109765760927,4.927317525958856,55,47,Taxo.rank=Fish | Season=F
Temp,16.361764705882354,0.3573954510692076,0.6000000000000014,15.9,16.8,0.20983263411146694,-1.5547697049073823,102,0,Taxo.rank=Fish | Season=F
AmTDN,NA,NA,NA,Inf,-Inf,NA,NA,0,102,Taxo.rank=Fish | Season=F
AmTDP,NA,NA,NA,Inf,-Inf,NA,NA,0,102,Taxo.rank=Fish | Season=F
